dataset,accuracy
CF,0.8
CF_amt,0.8266666666666667
d_Duck_Identification,0.8981481481481481
d_jn_product,0.8246238030095759
d_sentiment,0.955
MS,0.7358803986710963
s4_Dog_data,0.8029739776951673
s4_Face_Sentiment_Identification,0.6282271944922547
s4_Relevance,0.5064508562045508
s5_AdultContent,0.7323076923076923
SP,0.8750770495171564
SP_amt,0.932
ZenCrowd_all,0.7920353982300885
ZenCrowd_in,0.7004608294930875
ZenCrowd_us,0.7961065573770492
