truth,label,probability
3,3,0.7171628721541156
3,2,0.266199649737303
3,0,0.013134851138353765
3,1,0.0035026269702276708
2,2,0.6940850277264325
2,3,0.2828096118299446
2,0,0.0166358595194085
2,1,0.006469500924214418
1,1,0.6477516059957173
1,0,0.3372591006423983
1,2,0.014989293361884369
0,0,0.7286486486486486
0,1,0.25513513513513514
0,2,0.011891891891891892
0,3,0.004324324324324324
