truth,label,probability
0,0,0.7668711656441718
0,1,0.06441717791411043
0,2,0.0950920245398773
0,3,0.0736196319018405
3,3,0.340393343419062
3,1,0.17095310136157338
3,0,0.3842662632375189
3,2,0.1043872919818457
2,3,0.13922155688622753
2,0,0.41317365269461076
2,2,0.40119760479041916
2,1,0.04640718562874251
1,1,0.8525345622119815
1,0,0.10906298003072197
1,3,0.01228878648233487
1,2,0.026113671274961597
