truth,label,probability
1,1,0.8958493466564181
1,0,0.10415065334358185
0,0,0.9082164328657315
0,1,0.09178356713426854
