truth,label,probability
0,0,0.7113674597452535
0,1,0.28863254025474644
1,1,0.5561015561015561
1,0,0.4438984438984439
