truth,label,probability
0,0,0.7668518050997223
0,1,0.23314819490027772
1,0,0.4358752166377816
1,1,0.5641247833622184
