truth,label,probability
0,0,0.8478577939835916
0,1,0.15214220601640838
1,1,0.5869993434011819
1,0,0.4130006565988181
