truth,label,probability
0,1,0.28634751773049644
0,0,0.7136524822695035
1,1,0.4919957310565635
1,0,0.5080042689434365
