truth,label,probability
2,2,0.36238698010849907
2,3,0.04050632911392405
2,0,0.20831826401446654
2,1,0.3887884267631103
3,0,0.12164073550212164
3,3,0.621994342291372
3,1,0.17432814710042432
3,2,0.08203677510608204
0,0,0.38902147971360385
0,1,0.3592970275547841
0,3,0.04209155999132133
0,2,0.20958993274029072
1,1,0.41964888588791355
1,3,0.042538825118163405
1,0,0.24915597569209993
1,2,0.2886563133018231
