truth,label,probability
0,0,0.8158893104217808
0,1,0.18411068957821916
1,1,0.586522462562396
1,0,0.413477537437604
