truth,label,probability
1,0,0.29616204690831555
1,1,0.7038379530916844
0,0,0.6741424802110818
0,1,0.3258575197889182
