truth,label,probability
0,0,0.8716814159292036
0,2,0.016592920353982302
0,3,0.017699115044247787
0,1,0.09402654867256637
3,3,0.6758893280632411
3,2,0.13438735177865613
3,0,0.11067193675889328
3,1,0.07905138339920949
1,0,0.5318471337579618
1,1,0.3375796178343949
1,2,0.08598726114649681
1,3,0.044585987261146494
2,3,0.18716577540106952
2,2,0.25668449197860965
2,1,0.33689839572192515
2,0,0.2192513368983957
