truth,label,probability
1,1,0.8289397450753186
1,0,0.17106025492468135
0,0,0.7503221188260558
0,1,0.24967788117394416
